Biomarker,P-Value,Fold-Change,Log2FC
mitoses,1.439063144986355e-32,0.0,-19.931568569324174
